wave,refl,refl_err
0.913,1.0,0.0
1.05,1.038484455008274,0.0009587964327227208
1.3,1.1492115972032408,0.0010601101768144589
1.55,1.2519875206248816,0.005728831711369187
1.63,1.220112847031931,0.001119977389232304
2.16,1.2133888504649772,0.0011144511850091183
2.3,1.2450878639160539,0.0011402401380506517
