wave,refl,refl_err
0.913,1.0,0.0
1.05,0.9917449552314132,0.0027382341925885198
1.3,1.1857687481671602,0.004365701336316712
1.55,1.310991874649778,0.010726362397203464
1.63,1.3689891307007351,0.004940426575528026
2.16,1.3765753865094161,0.004962531392420769
2.3,1.4467716832477224,0.002580737372227727
