wave,refl,refl_err
0.913,1.0,0.0
1.05,1.0009214583192958,0.00921955071234816
1.3,1.0984998450583756,0.04364411888664635
1.55,1.2799706167051803,0.0070072269549994815
1.63,1.2918140390030568,0.024718711490309686
2.16,1.2717448862880678,0.02090563057631154
2.3,1.2941958414499861,0.023578471352259035
