wave,refl,refl_err
0.913,1.0,0.0
1.05,1.0725066656157038,0.006937228368172463
1.3,1.1857687481671602,0.01637138001118767
1.55,1.274089685919111,0.018612255823689472
1.63,1.2705741052085417,0.01624704041616599
2.16,1.2167462039791312,0.02569592860377636
2.3,1.274089685919111,0.011632659889805922
