wave,refl,refl_err
0.913,1.0,0.0
1.05,1.0299117193406992,0.005703042758327654
1.3,1.1792340206530023,0.057552653882367584
1.55,1.2178673848912593,0.00894508256926327
1.63,1.169499391019871,0.004310439294084855
2.16,1.1989470404794205,0.008819821940204395
2.3,1.189049678985098,0.010941884361907708
