wave,refl,refl_err
0.913,1.0,0.0
1.05,1.0009214583192958,0.001843910142469632
1.3,0.3981071705534972,0.0
1.55,1.0685626745999612,0.001974696975751694
1.63,1.0195299775626023,0.008463381767808914
2.16,1.1934383792107954,0.007685108006376929
2.3,1.232537098203345,0.00565054381820739
