wave,refl,refl_err
0.913,1.0,0.0
1.05,1.050993427186217,0.0019415397504125799
1.3,1.2450878639160539,0.033066964003468896
1.55,1.2977767816857813,0.0106351800275209
1.63,1.3464802883878475,0.010966752280912042
2.16,1.2485329261594948,0.011430032401622447
2.3,1.2589254117941673,0.009210340371976185
