wave,refl,refl_err
0.913,1.0,0.0
1.05,0.9926588068710308,0.005481994589400225
1.3,0.3981071705534972,0.0
1.55,1.0500258721108844,0.02133667450572003
1.63,1.0157808007969003,0.019670523932429535
2.16,1.0356189770449862,0.02007669994283369
2.3,1.0009214583192958,0.016595191282226685
