wave,refl,refl_err
0.913,1.0,0.0
1.05,0.9727472237769651,0.012507642225143658
1.3,0.9745407417663065,0.07878156740573548
1.55,1.034665575842437,0.017192021338330744
1.63,0.9880979539411272,0.01363590892071074
2.16,1.0519618738232228,0.016518745457139286
2.3,1.0318106352675922,0.017142285500322076
