wave,refl,refl_err
0.913,1.0,0.0
1.05,1.023292992280754,0.0037762395525102357
1.3,1.1609138701261823,0.02461555567814355
1.55,1.3243415351946646,0.00600974709271446
1.63,1.3880336665672346,0.0012489221544399708
2.16,1.2906247820605374,0.024699369775528533
2.3,1.3778438433514535,0.0024831077642847796
