wave,refl,refl_err
0.913,1.0,0.0
1.05,0.9908319448927676,0.003647294787302569
1.3,0.9647171518961676,0.03451943468012954
1.55,1.0204694319421992,0.0037651871440638647
1.63,1.023292992280754,0.0009440598881275589
2.16,1.0705328538333623,0.0019783811119004845
2.3,1.0675789450994941,0.005918564723031896
