wave,refl,refl_err
0.913,1.0,0.0
1.05,0.9664958643142137,0.0035478231112852266
1.3,0.989919775080584,0.006376318639519113
1.55,1.1230523475410834,0.005185421629422592
1.63,1.133443822971034,0.0
2.16,1.1428783347897717,0.005272919862956366
2.3,1.1555799554021289,0.0063938182862258676
