wave,refl,refl_err
0.913,1.0,0.0
1.05,0.9853715068586185,0.0036251899704098263
1.3,1.1189224819552432,0.03720240683048621
1.55,1.3402937734183098,0.0024278457220529223
1.63,1.3765753865094161,0.0012406328481051922
2.16,1.2906247820605374,0.00940928372401087
2.3,1.3378271336046976,0.009696646343616527
