wave,refl,refl_err
0.913,1.0,0.0
1.05,0.9817479430199844,0.0009026133564536661
1.3,1.1076434916697433,0.023535182752510743
1.55,1.309784962399686,0.010718073090868686
1.63,1.1705770359631378,0.010785308575584114
2.16,1.2496833972112191,0.01029531846779498
2.3,1.2941958414499861,0.003536770702838855
