wave,refl,refl_err
0.913,1.0,0.0
1.05,1.0204694319421992,0.0037651871440638647
1.3,1.2011576179375787,0.004417279242399779
1.55,1.4216739313080036,0.0
1.63,1.3589391171008014,0.009821906972675404
2.16,1.3727770182085488,0.0024757394919871986
2.3,1.4256075936021884,0.01785884998126182
