wave,refl,refl_err
0.913,1.0,0.0
1.05,1.0656142021585189,0.007876683086114033
1.3,1.0685626745999612,0.04541803044228896
1.55,1.2682357755555889,0.027807859651070497
1.63,1.1673470764921927,0.013984980820808637
2.16,1.1846771175814852,0.023991094600923565
2.3,1.1598451211901668,0.009623884654677915
