wave,refl,refl_err
0.913,1.0,0.0
1.05,1.0009214583192958,0.011985415926052607
1.3,0.3981071705534972,0.0
1.55,1.3206872951464237,0.013191049480744291
1.63,1.130316324738697,0.013565910333883721
2.16,1.2647363474711513,0.013870772600196134
2.3,1.2858786926343992,0.015242192281583387
