wave,refl,refl_err
0.913,1.0,0.0
1.05,1.0204694319421992,0.0037651871440638647
1.3,1.158777356155126,0.02457318811243246
1.55,1.2450878639160539,0.0034207204141519553
1.63,1.2624087614670483,0.001154055648608616
2.16,1.2635720185226542,0.0023099533652916272
2.3,1.3341356829031055,0.003627953072521419
