wave,refl,refl_err
0.913,1.0,0.0
1.05,1.1189224819552432,0.001033400189735728
1.3,1.1230523475410834,0.0020741686517690367
1.55,1.3727770182085488,0.0024757394919871986
1.63,1.5205475297324957,0.009380731668857745
2.16,1.3816562311673284,0.009954535874031861
2.3,1.4308694127493395,0.008955213943672444
