wave,refl,refl_err
0.913,1.0,0.0
1.05,0.9990793899844618,0.03312406811377515
1.3,1.1344882442111652,0.04293584371204138
1.55,1.4282360800191831,0.038324226287792904
1.63,1.3037670471382137,0.04982425727624237
2.16,1.3304544179780913,0.05670806567025737
2.3,1.4021678337057588,0.06295267644245722
