wave,refl,refl_err
0.913,1.0,0.0
1.05,1.0974885550989477,0.02535146187386445
1.3,0.3981071705534972,0.0
1.55,1.3267833107241604,0.04454028500483963
1.63,1.1781484060029255,0.03254934287456383
2.16,1.1814082519208875,0.023930306354468522
2.3,1.1397248040197487,0.03681373046678881
