wave,refl,refl_err
0.913,1.0,0.0
1.05,0.9736435697988863,0.0026829721503566625
1.3,1.0064680664383256,0.003709925101832007
1.55,1.0656142021585189,0.004922926928821271
1.63,1.0646331870513122,0.004918321758635283
2.16,1.0944602678150794,0.004045181491371941
2.3,1.101539309541415,0.005088713055516842
