wave,refl,refl_err
0.913,1.0,0.0
1.05,1.0685626745999612,0.02270901522114448
1.3,1.1555799554021289,0.022378364001790538
1.55,1.2823305826560216,0.03626111004447024
1.63,1.1651987230250005,0.026848142184310576
2.16,1.1619836038697962,0.024636739460999094
2.3,1.190145338703855,0.032853284106839055
