wave,refl,refl_err
0.913,1.0,0.0
1.05,1.1209855128753143,0.004140969031240493
1.3,1.2439416235583078,0.012532510144147996
1.55,1.284694899831193,0.019916440020361303
1.63,1.2519875206248816,0.012603429765012211
2.16,1.1835864919618608,0.047941663704210435
2.3,1.1814082519208875,0.009789670781373487
