wave,refl,refl_err
0.913,1.0,0.0
1.05,0.9736435697988863,0.011626212651545537
1.3,0.8978421709097267,0.004066365274227486
1.55,0.978137704322986,0.0
1.63,1.011113711954907,0.00652460511950793
2.16,0.9908319448927676,0.009118236968256423
2.3,1.0261243651933423,0.01041505289263067
