wave,refl,refl_err
0.913,1.0,0.0
1.05,1.010182870544833,0.03724661646427169
1.3,1.1492115972032408,0.040284186718949434
1.55,1.3514500541175594,0.0024444243347224795
1.63,1.4021678337057588,0.06295267644245722
2.16,1.3867558288718884,0.009984008963222185
2.3,1.385479167566723,0.006235400431827878
