wave,refl,refl_err
0.913,1.0,0.0
1.05,1.011113711954907,0.00466043222821995
1.3,1.0874267195462437,0.013063025749573822
1.55,1.2930043917962792,0.02945006333939385
1.63,1.325561860719859,0.021651668146441615
2.16,1.3121998990192032,0.019083825250734654
2.3,1.3390598855467373,0.03396405115569938
