wave,refl,refl_err
0.913,1.0,0.0
1.05,0.9871883010683962,0.026336047259628702
1.3,1.119953522384888,0.01654913958036681
1.55,1.3539418114050743,0.013464596589791983
1.63,1.4308694127493395,0.0639658138833746
2.16,1.4112371484118509,0.001265500767109528
2.3,1.3639548675066382,0.002462845015466432
