wave,refl,refl_err
0.913,1.0,0.0
1.05,1.0884287379435942,0.002011538337239599
1.3,1.2450878639160539,0.0353474442795702
1.55,1.225744632049806,0.0011245825594182923
1.63,1.2223624492787322,0.003365458371920098
2.16,1.1781484060029255,0.0021699561916375893
2.3,1.1738159324832207,0.004325175838680017
