wave,refl,refl_err
0.913,1.0,0.0
1.05,1.0616955571987245,0.0
1.3,0.3981071705534972,0.0
1.55,1.1158350522886678,0.0010306370876241352
1.63,1.0904355455436594,0.0060456674201651685
2.16,1.2462351604865138,0.0
2.3,1.2659017493002445,0.008097731255041462
