wave,refl,refl_err
0.913,1.0,0.0
1.05,0.9799411610955941,0.018916197055964687
1.3,1.050993427186217,0.018444627628919505
1.55,1.2823305826560216,0.03392168358998829
1.63,1.1792340206530023,0.022803881726975835
2.16,1.1803206356517295,0.021736403277863796
2.3,1.2145069377157791,0.032345794352343166
