wave,refl,refl_err
0.913,1.0,0.0
1.05,1.0597416418830976,0.001958118363082137
1.3,1.1727353057793786,0.0010803729256328065
1.55,1.2554516736871386,0.019525000554552314
1.63,1.2450878639160539,0.0022804802761013034
2.16,1.2359474334445104,0.0022657437315061414
2.3,1.2508349283740656,0.00228969061647328
