wave,refl,refl_err
0.913,1.0,0.0
1.05,1.001843765724026,0.003691504421088055
1.3,1.158777356155126,0.0544883736406111
1.55,1.3243415351946646,0.0072116965112573525
1.63,1.2729167461935602,0.0011623449549433946
2.16,1.2659017493002445,0.011568187507202088
2.3,1.2918140390030568,0.021187466991694014
