wave,refl,refl_err
0.913,1.0,0.0
1.05,1.0884287379435942,0.05732884261132857
1.3,1.1846771175814852,0.06324924940243486
1.55,1.3390598855467373,0.019408029231828217
1.63,1.3715132259364853,0.04947794847825607
2.16,1.332907464231338,0.008458776597622928
2.3,1.3664696807404653,0.040697731001651166
