wave,refl,refl_err
0.913,1.0,0.0
1.05,1.0299117193406992,0.005703042758327654
1.3,1.0954687673339962,0.03239092502016585
1.55,1.225744632049806,0.0022491651188365847
1.63,1.1619836038697962,0.010711625852608304
2.16,1.2787922629358466,0.00933560100103506
2.3,1.3477210138513505,0.014633388782995764
