wave,refl,refl_err
0.913,1.0,0.0
1.05,0.9384259312370179,0.0
1.3,0.9853715068586185,0.014500759881639305
1.55,1.0471285480508996,0.0029012572171724983
1.63,0.9981596274917243,0.00275757590736967
2.16,1.045201441458436,0.006756705696881729
2.3,1.078449963293832,0.004982794141239116
