wave,refl,refl_err
0.913,1.0,0.0
1.05,1.0375284158180127,0.01149450478422628
1.3,1.3564381629092686,0.05148764474742126
1.55,1.488675359492364,0.022421652601538822
1.63,1.2647363474711513,0.05663898811746754
2.16,1.3791134690236,0.059638795976620196
2.3,1.4177511231220004,0.029212436557796862
