wave,refl,refl_err
0.913,1.0,0.0
1.05,1.0167168004663758,0.0018752252997343514
1.3,1.0944602678150794,0.0010112953728429852
1.55,1.1178923907117444,0.005162395778492652
1.63,1.0874267195462437,0.0030145444037478052
2.16,1.187955027941652,0.004373069608614293
2.3,1.197843277825855,0.004406226833953406
