wave,refl,refl_err
0.913,1.0,0.0
1.05,0.9808441360309061,0.013525384836247026
1.3,0.3981071705534972,0.0
1.55,1.2485329261594948,0.012573035641784691
1.63,1.1428783347897717,0.014764175616277825
2.16,1.2291361730601678,0.01578283926141839
2.3,1.2635720185226542,0.02078958028762464
