wave,refl,refl_err
0.913,1.0,0.0
1.05,1.0223509385032303,0.0018862777081807228
1.3,1.1555799554021289,0.03196909143112934
1.55,1.3134090365327338,0.05013372471274077
1.63,1.3427649611378638,0.010941884361907708
2.16,1.5275660582380726,0.016136516331702277
2.3,1.4269212315793642,0.021701403984450286
