wave,refl,refl_err
0.913,1.0,0.0
1.05,1.0844261957670744,0.02906046594165926
1.3,1.2044811285731758,0.03985498485761534
1.55,1.3304544179780913,0.033783528484408645
1.63,1.2600854590882378,0.04378411606030038
2.16,1.2212371301653084,0.04147324166097156
2.3,1.2589254117941673,0.04259782422038985
