wave,refl,refl_err
0.913,1.0,0.0
1.05,0.9826525828295317,0.0045176719524543186
1.3,1.0695473105661604,0.0533665541833044
1.55,1.2145069377157791,0.0078076055333242125
1.63,1.2268741046383405,0.0011255035934554897
2.16,1.2268741046383405,0.0011255035934554897
2.3,1.241652307592411,0.007962339251573412
