wave,refl,refl_err
0.913,1.0,0.0
1.05,1.0471285480508996,0.001934171478114999
1.3,1.1738159324832207,0.007569057717690029
1.55,1.2647363474711513,0.011558977166830112
1.63,1.189049678985098,0.012036072798098476
2.16,1.2462351604865138,0.002282322344175699
2.3,1.2882495516931338,0.004697273589707854
