wave,refl,refl_err
0.913,1.0,0.0
1.05,1.048093433362873,0.005808040638568182
1.3,1.1748975549395295,0.004328859974828807
1.55,1.274089685919111,0.0
1.63,1.190145338703855,0.010951094702279684
2.16,1.1857687481671602,0.007639977338554246
2.3,1.2111557629827332,0.01780174587095557
