wave,refl,refl_err
0.913,1.0,0.0
1.05,0.9736435697988863,0.008048916451069987
1.3,1.0185913880541169,0.0648223755379684
1.55,1.2635720185226542,0.04619906730583254
1.63,1.1716556739113027,0.028065749181485827
2.16,1.2089267852132999,0.04443068195441312
2.3,1.1748975549395295,0.016233224905608027
