wave,refl,refl_err
0.913,1.0,0.0
1.05,0.9972407117415495,0.0036730837403441026
1.3,1.232537098203345,0.00565054381820739
1.55,1.3390598855467373,0.007278010961935581
1.63,1.2930043917962792,0.00589001266787877
2.16,1.3464802883878475,0.010966752280912042
2.3,1.3194714571951176,0.002396530564788203
