wave,refl,refl_err
0.913,1.0,0.0
1.05,1.0009214583192958,0.000921955071234816
1.3,1.1271974561755103,0.056201496949798674
1.55,1.3158306550959187,0.007173013081695053
1.63,1.2835121968394974,0.002341268522556346
2.16,1.2965820353826285,0.010626890721186121
2.3,1.3304544179780913,0.002413109177457761
