wave,refl,refl_err
0.913,1.0,0.0
1.05,1.0774571314563666,0.02190403147263376
1.3,0.3981071705534972,0.0
1.55,1.2382262309589933,0.03517613194865144
1.63,1.138675561950211,0.025221596074619587
2.16,1.144985534690189,0.022184946853979037
2.3,1.158777356155126,0.030983585011327884
