wave,refl,refl_err
0.913,1.0,0.0
1.05,1.1209855128753143,0.010352422578101234
1.3,1.2268741046383405,0.13506043121465877
1.55,1.3158306550959187,0.008368515261977563
1.63,1.1846771175814852,0.0021810086000839607
2.16,1.309784962399686,0.0023817940201930413
2.3,1.2906247820605374,0.003528481396504076
