wave,refl,refl_err
0.913,1.0,0.0
1.05,1.0120454110965418,0.01119608975617425
1.3,0.3981071705534972,0.0
1.55,1.0636530750764381,0.038326989389904496
1.63,1.0442392185431744,0.024108065923647663
2.16,1.1609138701261823,0.04066917894649803
2.3,1.1759801740658489,0.01733017644391039
