wave,refl,refl_err
0.913,1.0,0.0
1.05,1.126159746907866,0.004159389711984445
1.3,1.3121998990192032,0.013120129859880075
1.55,1.4099379493587232,0.017704116263012624
1.63,1.3390598855467373,0.0012130018269892635
2.16,1.2348096078586028,0.027166819961180956
2.3,1.3243415351946646,0.014423393022514705
