wave,refl,refl_err
0.913,1.0,0.0
1.05,1.0176536626205333,0.004692668419521866
1.3,1.0251797048255573,0.06053772519692507
1.55,1.0539014450691602,0.005841197863907297
1.63,1.0432778814599657,0.013487622440721925
2.16,1.1727353057793786,0.010803729256328066
2.3,1.1673470764921927,0.016136516331702273
