wave,refl,refl_err
0.913,1.0,0.0
1.05,1.0646331870513122,0.0009836643517270565
1.3,1.1598451211901668,0.010693205171864352
1.55,1.3013676301074646,0.0071066986310168246
1.63,1.2291361730601678,0.011273456615298851
2.16,1.1967405313072437,0.012106992418962695
2.3,1.2370863074892704,0.007936550298531879
