wave,refl,refl_err
0.913,1.0,0.0
1.05,1.0548725713234373,0.0038978160454203217
1.3,1.0157808007969003,0.032784206554049226
1.55,1.0854254493068263,0.012036072798098478
1.63,1.126159746907866,0.0020796948559922224
2.16,1.2799706167051803,0.004671484636666321
2.3,1.3280058862437303,0.0012047125206544852
