wave,refl,refl_err
0.913,1.0,0.0
1.05,1.049059207776445,0.005813566842791368
1.3,0.3981071705534972,0.0
1.55,1.1630543233284671,0.003216250857894084
1.63,1.132400363235557,0.011499109954412267
2.16,1.2439416235583078,0.006835914624080725
2.3,1.2918140390030568,0.016479140993539792
