wave,refl,refl_err
0.913,1.0,0.0
1.05,1.060718149635315,0.001959960431156532
1.3,1.1555799554021289,0.004262545524150578
1.55,1.2212371301653084,0.0022417968465390037
1.63,1.1673470764921927,0.0
2.16,1.1555799554021289,0.0063938182862258676
2.3,1.1868613846449196,0.002184692736232751
