wave,refl,refl_err
0.913,1.0,0.0
1.05,1.004615790278395,0.0027769176221508194
1.3,0.3981071705534972,0.0
1.55,1.1923396878859664,0.0076786607681165455
1.63,1.0874267195462437,0.005024240672913008
2.16,1.1376272858234309,0.01679966083848456
2.3,1.1641260294104914,0.016095069800028384
