wave,refl,refl_err
0.913,1.0,0.0
1.05,1.011113711954907,0.012117123793371869
1.3,1.314619288216085,0.029864528656132778
1.55,1.4983042106226594,0.014579047774801103
1.63,1.2894366199598708,0.01645335204049826
2.16,1.3415287982661266,0.0206523462160822
2.3,1.420365124048012,0.024167012102028308
