wave,refl,refl_err
0.913,1.0,0.0
1.05,1.033713052350584,0.02099220777580812
1.3,1.135533627841937,0.020962734686617794
1.55,1.2223624492787322,0.035898222633814376
1.63,1.1428783347897717,0.028473767259964373
2.16,1.1397248040197487,0.026295521761992006
2.3,1.152391377199487,0.03720056476241181
