wave,refl,refl_err
0.913,1.0,0.0
1.05,1.030860740062626,0.010465709764676537
1.3,1.1684227381673322,0.010766887894840161
1.55,1.2776149939707953,0.017490436366382773
1.63,1.1534532578210923,0.013829326068522241
2.16,1.1868613846449196,0.01201581004928013
2.3,1.1923396878859664,0.014260369997930728
