wave,refl,refl_err
0.913,1.0,0.0
1.05,1.001843765724026,0.0
1.3,1.0432778814599657,0.015414425646539344
1.55,1.0854254493068263,0.050150303325410324
1.63,1.046164551022008,0.0009661647050203017
2.16,1.007395484811251,0.0
2.3,1.0432778814599657,0.005780409617452254
