wave,refl,refl_err
0.913,1.0,0.0
1.05,1.05584459243008,0.00487687522696139
1.3,1.1781484060029255,0.04665405812020816
1.55,1.1673470764921927,0.004303071021787274
1.63,1.1460405911366025,0.002114694149405732
2.16,1.1460405911366025,0.0
2.3,1.126159746907866,0.0010398474279961112
