wave,refl,refl_err
0.913,1.0,0.0
1.05,0.9514807363517586,0.0008712981991889471
1.3,1.1376272858234309,0.05249894012026425
1.55,1.0984998450583756,0.02334452870681084
1.63,1.1923396878859664,0.05265367383851346
2.16,1.1545161169214304,0.040459183186016975
2.3,1.189049678985098,0.027354710904769267
