wave,refl,refl_err
0.913,1.0,0.0
1.05,0.9835580562269576,0.0018089108490561227
1.3,1.1748975549395295,0.04220638475458087
1.55,1.336595516546442,0.00726695855348921
1.63,1.2670682249985483,0.0
2.16,1.3243415351946646,0.002403898837085784
2.3,1.4034598729211762,0.006299872814431711
