wave,refl,refl_err
0.913,1.0,0.0
1.05,1.0705328538333623,0.002967571667850727
1.3,1.129275744209416,0.058386189686031424
1.55,1.202264434617413,0.002210481689274284
1.63,1.1577105741152707,0.014944698287568559
2.16,1.1846771175814852,0.010905043000419803
2.3,1.2223624492787322,0.01570547240229379
