wave,refl,refl_err
0.913,1.0,0.0
1.05,0.9817479430199844,0.0018052267129073322
1.3,1.1545161169214304,0.003194146041001341
1.55,1.325561860719859,0.012028704525800899
1.63,1.1967405313072437,0.0055031783722557705
2.16,1.3440022630821633,0.004866743852552216
2.3,1.3037670471382137,0.009490334719284262
