wave,refl,refl_err
0.913,1.0,0.0
1.05,1.0195299775626023,0.008463381767808914
1.3,0.9384259312370179,0.05830882282690683
1.55,1.0974885550989477,0.0324498711985465
1.63,1.0120454110965418,0.013995112195217811
2.16,1.0120454110965418,0.027990224390435622
2.3,1.0242359141215684,0.01133977106597708
