wave,refl,refl_err
0.913,1.0,0.0
1.05,1.0539014450691602,0.0
1.3,1.158777356155126,0.002136798966298475
1.55,1.2234888053268151,0.01459562638747066
1.63,1.1748975549395295,0.007575504955950413
2.16,1.2089267852132999,0.0
2.3,1.2178673848912593,0.004472541284631635
