wave,refl,refl_err
0.913,1.0,0.0
1.05,0.9673864499689511,0.005327260871151025
1.3,1.1107082559188644,0.03078095752314441
1.55,1.2882495516931338,0.010568865576842671
1.63,1.1814082519208875,0.01305289437516465
2.16,1.2635720185226542,0.015014696874395576
2.3,1.3219042534417247,0.018001610257027453
