wave,refl,refl_err
0.913,1.0,0.0
1.05,1.1086641389799563,0.0020483796987275037
1.3,1.2439416235583078,0.0022786382080269086
1.55,1.2752637064597305,0.013970244276213477
1.63,1.274089685919111,0.002326531977961184
2.16,1.242796438440915,0.0011383980699762564
2.3,1.2787922629358466,0.002333900250258765
