wave,refl,refl_err
0.913,1.0,0.0
1.05,1.100525221420542,0.0
1.3,1.2462351604865138,0.0
1.55,1.3415287982661266,0.01822265842595488
1.63,1.3614446824659499,0.003688741318976462
2.16,1.3243415351946646,0.002403898837085784
2.3,1.3440022630821633,0.001216685963138054
