wave,refl,refl_err
0.913,1.0,0.0
1.05,1.0597416418830976,0.0009790591815410684
1.3,1.2405092300422254,0.003409668005705584
1.55,1.2485329261594948,0.012573035641784691
1.63,1.2314024122062166,0.015808628214459924
2.16,1.2870635762533327,0.002346794726779532
2.3,1.3231223331133712,0.007206170307034168
