wave,refl,refl_err
0.913,1.0,0.0
1.05,1.0471285480508996,0.0029012572171724983
1.3,1.0854254493068263,0.038114230527311846
1.55,1.3001695780332903,0.009468229902391517
1.63,1.2291361730601678,0.011273456615298851
2.16,1.4845676750522725,0.01316157639155397
2.3,1.5892784698824682,0.011074513263264165
