wave,refl,refl_err
0.913,1.0,0.0
1.05,1.049059207776445,0.028098906406824945
1.3,1.1460405911366025,0.03700714761460031
1.55,1.220112847031931,0.026879457341575298
1.63,1.1407750129221206,0.034740482849056974
2.16,1.119953522384888,0.037235564055825315
2.3,1.144985534690189,0.040144189545295396
