wave,refl,refl_err
0.913,1.0,0.0
1.05,1.1045871839886299,0.014287079985009459
1.3,1.2044811285731758,0.14392077865249986
1.55,1.190145338703855,0.0032853284106839054
1.63,1.133443822971034,0.011509241328821439
2.16,1.1428783347897717,0.01370959164368655
2.3,1.2554516736871386,0.008039706110698012
