wave,refl,refl_err
0.913,1.0,0.0
1.05,1.030860740062626,0.007611425283401119
1.3,1.2370863074892704,0.07029515978699664
1.55,1.469602898979651,0.05224105058984892
1.63,1.4900471117870993,0.03431588615790887
2.16,1.4387985782558455,0.060387596648861855
2.3,1.6672472125510627,0.028644158556845933
