wave,refl,refl_err
0.913,1.0,0.0
1.05,0.9401561688035698,0.0025779742701161346
1.3,0.9392906516183992,0.026610515402713593
1.55,0.9890084450210656,0.0018199632575024941
1.63,1.0092528860766845,0.003720977510278379
2.16,1.0092528860766845,0.0009302443775695947
2.3,0.9972407117415495,0.0064278965456021795
