wave,refl,refl_err
0.913,1.0,0.0
1.05,1.046164551022008,0.007729317640162414
1.3,1.1814082519208875,0.0
1.55,1.257766432451254,0.004601486049839302
1.63,1.1792340206530023,0.0021717982597119845
2.16,1.1673470764921927,0.002151535510893637
2.3,1.1967405313072437,0.007704449721158079
