wave,refl,refl_err
0.913,1.0,0.0
1.05,1.033713052350584,0.006679338837757129
1.3,1.2659017493002445,0.024293193765124385
1.55,1.5588344677043902,0.017744641760649316
1.63,1.3957254577067675,0.01756227702128419
2.16,1.4628506869998534,0.014315632040162583
2.3,1.5488166189124815,0.01494377725353136
