wave,refl,refl_err
0.913,1.0,0.0
1.05,0.9289663867799364,0.011862918399105327
1.3,1.0261243651933423,0.023670574755978797
1.55,1.0995120668793499,0.0020318010860579465
1.63,1.1035702899640147,0.007137092754244346
2.16,1.0432778814599657,0.034682457704713524
2.3,1.135533627841937,0.0052406836716544485
