wave,refl,refl_err
0.913,1.0,0.0
1.05,0.9602846792093812,0.0017610170791218466
1.3,1.1814082519208875,0.04024642432342434
1.55,1.3982988484658376,0.013819194694113067
1.63,1.2823305826560216,0.0011697132272409756
2.16,1.274089685919111,0.006979595933883553
2.3,1.3551894123510362,0.006124876347364163
