wave,refl,refl_err
0.913,1.0,0.0
1.05,1.0195299775626023,0.0
1.3,1.1481536214968826,0.0021183782855545225
1.55,1.242796438440915,0.011383980699762564
1.63,1.1598451211901668,0.005346602585932176
2.16,1.1641260294104914,0.0032190139600056767
2.3,1.1630543233284671,0.001072083619298028
