wave,refl,refl_err
0.913,1.0,0.0
1.05,0.9736435697988863,0.005365944300713325
1.3,1.1705770359631378,0.06363332059594626
1.55,1.2799706167051803,0.008175098114166062
1.63,1.274089685919111,0.004653063955922368
2.16,1.2906247820605374,0.004704641862005435
2.3,1.3170431381998413,0.011964232143197064
