wave,refl,refl_err
0.913,1.0,0.0
1.05,1.0568175092136585,0.01366814511201266
1.3,1.187955027941652,0.006559604412921439
1.55,1.4177511231220004,0.016511377184841705
1.63,1.345240705148633,0.0024352139943505033
2.16,1.3576880641390918,0.012268173375472279
2.3,1.4177511231220004,0.017781483122137225
