wave,refl,refl_err
0.913,1.0,0.0
1.05,0.946237161365793,0.002597315984897284
1.3,1.1727353057793786,0.03889342532278103
1.55,1.3243415351946646,0.008413645929800245
1.63,1.2930043917962792,0.02356005067151508
2.16,1.2776149939707953,0.033814843641673364
2.3,1.3957254577067675,0.03387010568390522
