wave,refl,refl_err
0.913,1.0,0.0
1.05,1.0157808007969003,0.026227365243239383
1.3,1.1470966197735564,0.03598111569716216
1.55,1.2965820353826285,0.03188067216355837
1.63,1.2729167461935602,0.039519728468075416
2.16,1.284694899831193,0.03046043767819964
2.3,1.3292295883156833,0.026523938203217013
