wave,refl,refl_err
0.913,1.0,0.0
1.05,0.9917449552314132,0.0036509789234513597
1.3,1.1168632477805611,0.04951478983974398
1.55,1.3304544179780913,0.006032772943644402
1.63,1.2918140390030568,0.0011770814995385565
2.16,1.2989726288978547,0.011826077037617422
2.3,1.3292295883156833,0.008439434882841778
