wave,refl,refl_err
0.913,1.0,0.0
1.05,1.0251797048255573,0.012296725430625403
1.3,1.126159746907866,0.030155575411887226
1.55,1.253141174941416,0.013760248515732421
1.63,1.1492115972032408,0.012721322121773506
2.16,1.138675561950211,0.014712597710194758
2.3,1.1989470404794205,0.01763964388040879
