wave,refl,refl_err
0.913,1.0,0.0
1.05,1.101539309541415,0.008141940888826948
1.3,1.1824968703831047,0.031571204727059966
1.55,1.4682499678319865,0.03654294645985271
1.63,1.2930043917962792,0.025916055738666587
2.16,1.2776149939707953,0.02565264000402807
2.3,1.3816562311673284,0.0423067774646354
