wave,refl,refl_err
0.913,1.0,0.0
1.05,1.0242359141215684,0.00566988553298854
1.3,0.9853715068586185,0.008156677433422108
1.55,1.1365799747501522,0.006294346610208525
1.63,1.1857687481671602,0.004365701336316712
2.16,1.2178673848912593,0.006708811926947453
2.3,1.2145069377157791,0.015615211066648425
