wave,refl,refl_err
0.913,1.0,0.0
1.05,0.9853715068586185,0.010875569911229479
1.3,1.126159746907866,0.06862993024774335
1.55,1.2764388088113439,0.011651080570549874
1.63,1.1716556739113027,0.039939719989037524
2.16,1.1803206356517295,0.020649583113970603
2.3,1.242796438440915,0.07171907840850415
