wave,refl,refl_err
0.913,1.0,0.0
1.05,1.076465213629835,0.001989433520346856
1.3,1.2405092300422254,0.011365560019018612
1.55,1.3304544179780913,0.0012065545887288804
1.63,1.2682357755555889,0.009269286550356833
2.16,1.274089685919111,0.005816329944902961
2.3,1.3292295883156833,0.0012056335546916826
