wave,refl,refl_err
0.913,1.0,0.0
1.05,1.042317429393304,0.031761858772759874
1.3,1.1923396878859664,0.043878061532094545
1.55,1.3049684141302227,0.035616386218431904
1.63,1.2111557629827332,0.04561697379432364
2.16,1.202264434617413,0.04420963378548569
2.3,1.2302687708123816,0.04513066782268331
