wave,refl,refl_err
0.913,1.0,0.0
1.05,0.9136923736814543,0.0074769543139702665
1.3,0.9401561688035698,0.030076366484688234
1.55,1.007395484811251,0.007427218475961596
1.63,0.9862794856312105,0.0018144370532793084
2.16,0.989919775080584,0.017307150592980446
2.3,1.001843765724026,0.01753464600016826
