wave,refl,refl_err
0.913,1.0,0.0
1.05,1.066596121230258,0.007884051358411614
1.3,1.2965820353826285,0.1180765635687347
1.55,1.2965820353826285,0.03188067216355837
1.63,1.2823305826560216,0.05146738199860292
2.16,1.2167462039791312,0.14523785732569247
2.3,1.158777356155126,0.06517236847210348
