wave,refl,refl_err
0.913,1.0,0.0
1.05,1.1025543321022235,0.009167972806265095
1.3,1.2089267852132999,0.004443068195441311
1.55,1.2823305826560216,0.02339426454481951
1.63,1.1989470404794205,0.01874212162293434
2.16,1.1035702899640147,0.112154314709554
2.3,1.1598451211901668,0.09944680809833846
