wave,refl,refl_err
0.913,1.0,0.0
1.05,0.9620552191862147,0.0
1.3,0.8757900363063682,0.026017369482758325
1.55,0.9094943385552954,0.004130837656831319
1.63,0.8798324994418665,0.009516123672325794
2.16,0.9727472237769651,0.017868060321633798
2.3,0.9392906516183992,0.022318496789372692
