wave,refl,refl_err
0.913,1.0,0.0
1.05,1.062673865402465,0.002945466850957984
1.3,1.2870635762533327,0.04341570244542134
1.55,1.2989726288978547,0.007095646222570453
1.63,1.1209855128753143,0.0031057267734303697
2.16,1.1967405313072437,0.004402542697804617
2.3,1.274089685919111,0.008142861922864144
