wave,refl,refl_err
0.913,1.0,0.0
1.05,0.971851702940169,0.0008924819820444924
1.3,0.9963226419544177,0.002752049703146484
1.55,1.0394413751488008,0.0009597174667599185
1.63,1.030860740062626,0.0
2.16,1.0327614057613974,0.000953270228499535
2.3,1.0251797048255573,0.0028377058686058624
