wave,refl,refl_err
0.913,1.0,0.0
1.05,1.0214097519898493,0.0018844356401063274
1.3,1.0754742089727887,0.012919344439770993
1.55,1.129275744209416,0.001042610530107704
1.63,1.1619836038697962,0.0021423251705216606
2.16,1.3061708881318415,0.002376267815969856
2.3,1.3219042534417247,0.004800429401873987
