wave,refl,refl_err
0.913,1.0,0.0
1.05,1.0176536626205333,0.007508269471234986
1.3,1.1397248040197487,0.029450984373431046
1.55,1.3061708881318415,0.00594066953992464
1.63,1.2156260552373797,0.011162932530835137
2.16,1.202264434617413,0.007736685912459995
2.3,1.2823305826560216,0.01754569840861463
