wave,refl,refl_err
0.913,1.0,0.0
1.05,1.0539014450691602,0.0019470659546357654
1.3,1.1846771175814852,0.0021810086000839607
1.55,1.2918140390030568,0.0011770814995385565
1.63,1.274089685919111,0.001163265988980592
2.16,1.3182567385564072,0.0035920327450707124
2.3,1.3243415351946646,0.0036058482556286763
