wave,refl,refl_err
0.913,1.0,0.0
1.05,1.101539309541415,0.0030532278333101053
1.3,0.3981071705534972,0.0
1.55,1.242796438440915,0.022767961399525128
1.63,1.1989470404794205,0.009922299682729945
2.16,1.310991874649778,0.025028178926808087
2.3,1.3025667861366892,0.0059268540293666745
