wave,refl,refl_err
0.913,1.0,0.0
1.05,1.076465213629835,0.012931317882254564
1.3,1.1066237839776665,0.034759824563838124
1.55,1.469602898979651,0.005224105058984892
1.63,1.284694899831193,0.0023431105906307416
2.16,1.4401243711755702,0.0
2.3,1.605461886800972,0.008366673193903166
