wave,refl,refl_err
0.913,1.0,0.0
1.05,0.9890084450210656,0.019109614203776187
1.3,1.1178923907117444,0.03716924960514709
1.55,1.190145338703855,0.01423642311296359
1.63,0.3981071705534972,0.0
2.16,1.2752637064597305,0.016298618322249058
2.3,1.2647363474711513,0.026585647483709254
