wave,refl,refl_err
0.913,1.0,0.0
1.05,1.012977968760102,0.0009339285137183852
1.3,1.1781484060029255,0.013019737149825534
1.55,1.4441090844161215,0.012885266180394683
1.63,1.4177511231220004,0.008890741561068612
2.16,1.4269212315793642,0.020424850808894387
2.3,1.4927944095789962,0.03700714761460031
