wave,refl,refl_err
0.913,1.0,0.0
1.05,1.0844261957670744,0.008016680259768072
1.3,1.1598451211901668,0.05988194896244037
1.55,1.2682357755555889,0.0
1.63,1.2405092300422254,0.022731120038037223
2.16,1.2752637064597305,0.011641870230177898
2.3,1.2823305826560216,0.019885124863096584
