wave,refl,refl_err
0.913,1.0,0.0
1.05,1.1045871839886299,0.0020410114264299228
1.3,0.3981071705534972,0.0
1.55,1.6504409856522788,0.025597377961796213
1.63,1.4521116175877424,0.0168226866894145
2.16,1.4216739313080036,0.024184511748735062
2.3,1.668783511365391,0.022930063390071913
