wave,refl,refl_err
0.913,1.0,0.0
1.05,1.0519618738232228,0.0029150727277304626
1.3,1.2336728297663253,0.040717072716432316
1.55,1.385479167566723,0.007482480518193453
1.63,1.4361506529074772,0.00513200165526513
2.16,1.3402937734183098,0.007283537166158768
2.3,1.3564381629092686,0.009807170428080242
