wave,refl,refl_err
0.913,1.0,0.0
1.05,0.9638290236239705,0.0017683853514194276
1.3,0.9602846792093812,0.006163559776926463
1.55,0.9981596274917243,0.01103030362947868
1.63,0.9844643639803784,0.002716129375695777
2.16,0.9558725718846912,0.0017518067387498704
2.3,0.9638290236239705,0.002652578027129141
