wave,refl,refl_err
0.913,1.0,0.0
1.05,0.9532350439205148,0.0034925610690533693
1.3,1.0854254493068263,0.03309920019477081
1.55,1.2450878639160539,0.007981680966354562
1.63,1.2485329261594948,0.0
2.16,1.2612465753175386,0.008071942301999929
2.3,1.274089685919111,0.002326531977961184
