wave,refl,refl_err
0.913,1.0,0.0
1.05,1.060718149635315,0.003919920862313064
1.3,0.3981071705534972,0.0
1.55,1.1407750129221206,0.008421935236135023
1.63,1.2223624492787322,0.01458365294498709
2.16,1.325561860719859,0.006014352262900449
2.3,1.380384264602885,0.016164147352818205
