wave,refl,refl_err
0.913,1.0,0.0
1.05,0.9246981739382226,0.0008427461440358209
1.3,0.9754387404402998,0.040327475318697716
1.55,1.1673470764921927,0.01828805184259591
1.63,1.0539014450691602,0.01460299465976824
2.16,1.2682357755555889,0.0046346432751784164
2.3,1.2462351604865138,0.03195251281845978
