wave,refl,refl_err
0.913,1.0,0.0
1.05,0.9754387404402998,0.010753993418319393
1.3,1.045201441458436,0.008687193038847938
1.55,1.197843277825855,0.01321868050186022
1.63,1.1738159324832207,0.014056821475710052
2.16,1.0824304476091307,0.0220053452167255
2.3,1.1158350522886678,0.007214459613368945
