wave,refl,refl_err
0.913,1.0,0.0
1.05,1.0204694319421992,0.004706483930079831
1.3,1.189049678985098,0.06674549460763701
1.55,1.2918140390030568,0.002354162999077113
1.63,1.2670682249985483,0.0034732193542722192
2.16,1.2776149939707953,0.00233205818218437
2.3,1.3231223331133712,0.01080925546055125
