wave,refl,refl_err
0.913,1.0,0.0
1.05,0.9981596274917243,0.003676767876492893
1.3,1.08043837237123,0.007987207170577748
1.55,1.2033722711826846,0.0033184856360230198
1.63,1.2314024122062166,0.0022583754592085605
2.16,1.2067019095932752,0.002217849961571865
2.3,1.2635720185226542,0.01039479014381232
