wave,refl,refl_err
0.913,1.0,0.0
1.05,0.9647171518961676,0.01327670564620367
1.3,1.1759801740658489,0.01733017644391039
1.55,1.3170431381998413,0.008374962500237945
1.63,1.3390598855467373,0.03881605846365643
2.16,1.3539418114050743,0.04161784400481159
2.3,1.3867558288718884,0.04742404257530537
