wave,refl,refl_err
0.913,1.0,0.0
1.05,0.961169541515931,0.0061700070151868465
1.3,0.9727472237769651,0.0008934030160816899
1.55,0.9709570065288244,0.004457804740036473
1.63,0.9453660459579651,0.005189105765571383
2.16,0.9844643639803784,0.006337635209956813
2.3,0.9656060985415498,0.0026581042313523267
