wave,refl,refl_err
0.913,1.0,0.0
1.05,1.0261243651933423,0.0047341149511957595
1.3,1.1418261895482225,0.0010536629385540755
1.55,1.2624087614670483,0.006924333891651696
1.63,1.2508349283740656,0.00457938123294656
2.16,1.2682357755555889,0.0023173216375892082
2.3,1.2989726288978547,0.0035478231112852266
