refl,refl_err,wave,flag
0.5675446054085471,0.017559513919172594,0.337,0
0.6086953723349011,0.00695012284469323,0.359,0
0.78487410348873,0.002906783421395684,0.437,0
1.0,0.0,0.55,0
1.2647363474711513,0.00258350047433932,0.701,0
1.2776149939707953,0.0024499505389456652,0.853,0
1.2133888504649772,0.004835428695287497,0.948,0
1.3121998990192032,0.007879446188225626,1.041,0
