refl,refl_err,wave,flag
0.8348337537236503,0.006679338837757129,0.337,0
0.8855233145028547,0.003404141801482398,0.359,0
0.9926588068710308,0.00011052408446371422,0.437,0
1.0,0.0,0.55,0
0.9754387404402998,0.00044762254207804256,0.701,0
1.0,0.0,0.853,0
1.007395484811251,0.00017683853514194277,0.948,0
0.9972407117415495,0.00011052408446371422,1.041,0
