refl,refl_err,wave,flag
0.5440013782467273,0.018264104957628775,0.337,0
0.6367955209079158,0.005866986816948829,0.359,0
0.8150795556116014,0.0042938606814152975,0.437,0
1.0,0.0,0.55,0
1.1492115972032408,0.002642446652719967,0.701,0
1.1641260294104914,0.002735471090476927,0.853,0
1.1189224819552432,0.002809153813452736,0.948,0
1.1545161169214304,0.003592032745070712,1.041,0
