refl,refl_err,wave,flag
1.0185913880541169,0.0005710411030625235,0.337,0
1.046164551022008,0.0011282666955670826,0.359,0
1.05584459243008,0.0012498431884771682,0.437,0
1.0,0.0,0.55,0
0.9935735005868445,0.00018052267129073322,0.701,0
0.9772372209558107,0.0008289306334778566,0.853,0
1.0167168004663756,0.0005305156054258282,0.948,0
0.9204495717531713,0.004890690737519353,1.041,1
