refl,refl_err,wave,flag
0.7014552984199712,0.012056335546916826,0.337,0
0.7530087105475894,0.008226676020249128,0.359,0
0.908657048958146,0.00249047603658236,0.437,0
1.0,0.0,0.55,0
1.1158350522886678,0.0031784884623689814,0.701,0
1.1555799554021289,0.006940912504321253,0.853,1
1.216746203979131,0.007454849497077523,0.948,0
1.2122717925364968,0.010972278485135227,1.041,1
