refl,refl_err,wave,flag
0.7467925899308833,0.004671484636666321,0.337,0
0.8143291852092449,0.003080858854426034,0.359,0
0.9187556016660626,0.0009320864456439899,0.437,0
1.0,0.0,0.55,0
1.089431679659133,0.0017987794746469488,0.701,0
1.1879550279416518,0.00516700094867864,0.853,0
1.2055910077295346,0.0061700070151868465,0.948,0
1.158777356155126,0.003831501594742093,1.041,0
