refl,refl_err,wave,flag
0.8542795299048483,0.005039898251545369,0.359,0
0.8765970403212793,0.0030292809483429667,0.437,0
1.0,0.0,0.55,0
1.1344882442111652,0.002271269935729327,0.701,0
1.2870635762533327,0.00504726652384295,0.853,0
