refl,refl_err,wave,flag
0.5733238386538407,0.023921096014096543,0.337,0
0.6600852070021597,0.014123135926388282,0.359,0
0.78777101958568,0.008349173547196413,0.437,0
1.0,0.0,0.55,0
1.1035702899640147,0.002365215407523484,0.701,0
1.1096857267741242,0.002705998001286603,0.853,0
1.089431679659133,0.0017987794746469488,0.948,0
1.12408719346973,0.004678852908963902,1.041,0
