refl,refl_err,wave,flag
0.8613903457724282,0.011936601122081137,0.337,0
0.9128512193311222,0.0012765531755558994,0.359,0
0.9204495717531713,0.000994716760173428,0.437,0
1.0,0.0,0.55,0
1.0784499632938318,0.0007552479105020473,0.701,0
1.0995120668793499,0.0015178640933016753,0.853,0
1.1365799747501522,0.004864901784477821,0.948,0
1.1651987230250005,0.009937957261362304,1.041,1
