refl,refl_err,wave,flag
0.9128512193311222,0.002097194502698977,0.337,0
0.9289663867799364,0.0016210199054678084,0.359,0
1.0046157902783952,9.210340371976185e-05,0.437,0
1.0,0.0,0.55,0
1.0185913880541169,0.0003315722533911426,0.701,0
1.0242359141215684,0.00040709704444134734,0.853,0
1.0356189770449862,0.000629987281443171,0.948,0
1.0864256236170655,0.001989433520346856,1.041,0
