refl,refl_err,wave,flag
0.6086953723349011,0.018368181803832106,0.337,0
0.6767059576741911,0.010934516089610127,0.359,0
0.8433347577642754,0.0040893911251574265,0.437,0
1.0,0.0,0.55,0
1.2145069377157791,0.0048584545462174375,0.701,0
1.130316324738697,0.003797423335365781,0.853,0
1.1035702899640147,0.0031536205433646456,0.948,0
1.1598451211901668,0.0059314591995526635,1.041,0
