refl,refl_err,wave,flag
0.9078205301781858,0.0018374629042092485,0.337,0
0.9212977276685556,0.0011476084103482327,0.359,0
0.9479818010107188,0.0005876197157320805,0.437,0
1.0,0.0,0.55,0
1.1470966197735561,0.001784042930051787,0.701,0
1.2705741052085417,0.004310439294084855,0.853,0
1.3689891307007351,0.004711089100265819,0.948,0
1.4216739313080038,0.0063330300397708246,1.041,0
