refl,refl_err,wave,flag
0.848789503007244,0.005410153934498811,0.337,0
0.8621840810727014,0.004003734959698048,0.359,0
0.9576349769692688,0.001212080792952066,0.437,0
1.0,0.0,0.55,0
1.0548725713234373,0.0015491792505663944,0.701,0
1.0646331870513122,0.002379951952118646,0.853,0
1.0995120668793499,0.0025613956574465765,0.948,0
1.1598451211901668,0.00519002679960858,1.041,0
