refl,refl_err,wave,flag
0.8669618757582166,0.003140726066843879,0.337,0
0.8970156084148146,0.0018475942786184225,0.359,0
0.9620552191862147,0.0006576183025590996,0.437,0
1.0,0.0,0.55,0
1.0616955571987245,0.0011374770359390588,0.701,0
1.1107082559188644,0.0019949597245700413,0.853,0
1.1148078033638422,0.0023910043605650175,0.948,0
1.1334438229710342,0.0037578188717662837,1.041,0
