refl,refl_err,wave,flag
0.739945954312724,0.006023562603272426,0.337,0
0.8150795556116014,0.003884921568899554,0.359,0
0.9479818010107188,0.00085471958651939,0.437,0
1.0,0.0,0.55,0
1.0539014450691602,0.0007349851616836996,0.701,0
1.0675789450994941,0.0016348354160257727,0.853,0
1.0646331870513122,0.0013152366051181993,0.948,0
1.0754742089727887,0.0009459019562019542,1.041,0
