refl,refl_err,wave,flag
0.7158136899114739,0.03209619412826261,0.337,1
0.8757900363063683,0.0051725271529018246,0.359,0
1.002766922996587,9.118236968256423e-05,0.437,0
1.0,0.0,0.55,0
1.1076434916697433,0.005827382353349332,0.701,1
1.0784499632938318,0.006344082448217196,0.853,1
1.182496870383105,0.01173397363389766,0.948,1
1.144985534690189,0.019090272488995034,1.041,1
