refl,refl_err,wave,flag
0.6950243175887968,0.0069123604491681265,0.337,0
0.7712585649892137,0.002077852787917827,0.359,0
0.9418895965228413,0.0004190704869249164,0.437,0
1.0,0.0,0.55,0
0.9629417129715558,0.0003398615597259212,0.701,0
0.9990793899844618,1.289447652076666e-05,0.853,0
1.0214097519898493,0.0002753891771220879,0.948,0
1.0270698960262818,0.0005074897544958877,1.041,0
