refl,refl_err,wave,flag
0.5360434578161429,0.031800542202322174,0.337,0
0.6120684588704599,0.012272778545658267,0.359,0
0.8248975239353298,0.005389891185680463,0.437,0
1.0,0.0,0.55,0
1.189049678985098,0.004502014373821959,0.701,0
1.2156260552373799,0.006248294908348643,0.853,0
1.101539309541415,0.0030946743649839983,0.948,0
1.2000518202042654,0.00711222483524001,1.041,0
