refl,refl_err,wave,flag
0.9880979539411272,0.0001197344248356904,0.337,0
1.002766922996587,2.7631021115928555e-05,0.359,0
0.989919775080584,0.00010131374409173802,0.437,0
1.0,0.0,0.55,0
1.0539014450691602,0.0005774883413229068,0.701,0
1.0834278621501392,0.0008814295735981208,0.853,0
1.100525221420542,0.001149450478422628,0.948,0
1.0824304476091304,0.0006336714175919615,1.041,0
