refl,refl_err,wave,flag
0.8855233145028547,0.002309953365291627,0.359,0
0.9638290236239705,0.0005894617838064759,0.437,0
1.0,0.0,0.55,0
1.065614202158519,0.0004448594399664498,0.701,0
1.1086641389799563,0.0009284023094951994,0.853,0
