refl,refl_err,wave,flag
0.7277798045368241,0.010485972513494885,0.359,0
0.842558375339826,0.003426246618375141,0.437,0
1.0,0.0,0.55,0
1.144985534690189,0.0017600960450846487,0.701,0
1.1598451211901668,0.0028174431197875147,0.853,0
