refl,refl_err,wave,flag
0.7769623959921387,0.005299629850035097,0.337,0
0.8456682000993545,0.0033525638953993313,0.359,0
0.9944890371547921,9.94716760173428e-05,0.437,0
1.0,0.0,0.55,0
0.9808441360309061,0.00040617601040414977,0.701,0
0.9926588068710308,0.000139997173654038,0.853,0
0.9880979539411272,0.0002514422921549498,0.948,0
1.0242359141215684,0.00040709704444134734,1.041,0
