refl,refl_err,wave,flag
0.7965260797837785,0.005687385179695294,0.337,0
0.8733734791423201,0.002166272055488799,0.359,0
0.9745407417663065,0.0003094674364983998,0.437,0
1.0,0.0,0.55,0
0.9926588068710308,7.368272297580949e-05,0.701,0
1.0500258721108844,0.0005369628436862115,0.853,0
1.0480934333628733,0.000610645566662021,0.948,0
1.0864256236170655,0.0009118236968256422,1.041,0
