refl,refl_err,wave,flag
0.5475200153037679,0.015661262768508304,0.337,0
0.6564475019516994,0.00799733854498692,0.359,0
0.831763771102671,0.003868342956229998,0.437,0
1.0,0.0,0.55,0
1.1759801740658489,0.006321977631324452,0.701,1
1.0904355455436594,0.003030201982380165,0.853,0
1.1158350522886678,0.005041740319619763,0.948,1
1.2122717925364968,0.015014696874395576,1.041,1
