refl,refl_err,wave,flag
0.699519781051213,0.009648752573682251,0.359,0
0.8211074640850882,0.003744924395245516,0.437,0
1.0,0.0,0.55,0
1.1376272858234309,0.001289447652076666,0.701,0
1.132400363235557,0.0017407543303034991,0.853,0
