refl,refl_err,wave,flag
0.6456542290346555,0.008749823353377376,0.337,0
0.7118688672622805,0.0064573696347925025,0.359,0
0.8590135215053957,0.0021275886259264987,0.437,0
1.0,0.0,0.55,0
1.173815932483221,0.003525718294392483,0.701,0
1.1397248040197487,0.004577539164872164,0.853,0
1.182496870383105,0.0063698714012587285,0.948,0
1.0715193052376064,0.0029012572171724983,1.041,0
