refl,refl_err,wave,flag
0.8287050779069827,0.004321491702531225,0.337,0
0.8629785477669702,0.002505212581177522,0.359,0
0.9567533686182412,0.0005305156054258282,0.437,0
1.0,0.0,0.55,0
1.0471285480508996,0.0007368272297580948,0.701,0
1.0944602678150792,0.0018052267129073324,0.853,0
1.0568175092136585,0.0014368130980282848,0.948,0
1.0824304476091304,0.002217849961571865,1.041,0
