refl,refl_err,wave,flag
0.8332973486343167,0.0036472947873025696,0.337,0
0.8945404837788689,0.0017831218960145895,0.359,0
0.9890084450210656,0.00012157649291008563,0.437,0
1.0,0.0,0.55,0
1.002766922996587,4.144653167389283e-05,0.701,0
0.9871883010683962,0.0003094674364983998,0.853,0
0.9664958643142137,0.0006474869281499257,0.948,0
0.9917449552314132,0.00023210057737379984,1.041,0
