refl,refl_err,wave,flag
0.8970156084148146,0.003586506540847526,0.337,0
0.9462371613657931,0.0016025992247238562,0.359,0
1.05584459243008,0.001793253270423763,0.437,0
1.0,0.0,0.55,0
1.0195299775626026,0.0007736685912459996,0.701,1
1.0185913880541169,0.0008105099527339042,0.853,1
0.9709570065288244,0.0011789235676129518,0.948,0
0.9003264310597225,0.004514908850342726,1.041,0
