refl,refl_err,wave,flag
0.648037294192291,0.009543754693441722,0.337,0
0.6779536449241949,0.008162203637645294,0.359,0
0.8135795056053962,0.004126232486645331,0.437,0
1.0,0.0,0.55,0
1.1086641389799563,0.002372583679821065,0.701,0
1.144985534690189,0.0046033281179136964,0.853,0
1.0774571314563668,0.002536527738442241,0.948,0
0.9479818010107188,0.0019231190696686272,1.041,0
