refl,refl_err,wave,flag
0.9375620069258802,0.0010315581216613328,0.337,0
0.9341142557364791,0.0008860347437841089,0.359,0
0.9944890371547921,5.526204223185711e-05,0.437,0
1.0,0.0,0.55,0
1.0327614057613974,0.0004190704869249164,0.701,0
1.0685626745999612,0.0008620878588169708,0.853,0
1.0854254493068263,0.0013935244982799966,0.948,0
1.0914403364487566,0.0012249752694728326,1.041,0
