refl,refl_err,wave,flag
0.8904304435937418,0.0027852069284855984,0.359,0
0.9306791831626534,0.0013649724431268704,0.437,0
1.0,0.0,0.55,0
1.076465213629835,0.0014736544595161897,0.701,0
1.1534532578210923,0.003140726066843879,0.853,0
