refl,refl_err,wave,flag
0.5204751511705223,0.020243407103566455,0.337,0
0.6053408747539135,0.014556942957908362,0.359,0
0.7571815097147055,0.008344568377010423,0.437,0
1.0,0.0,0.55,0
1.076465213629835,0.0028736261960565696,0.701,1
1.0327614057613974,0.0018696990955111657,0.853,1
0.9418895965228413,0.0028137589836387247,0.948,1
0.9880979539411272,0.000574725239211314,1.041,0
