refl,refl_err,wave,flag
0.9136923736814543,0.0015344427059712324,0.337,0
0.9289663867799364,0.0007368272297580948,0.359,0
0.9594006315159331,0.000248679190043357,0.437,0
1.0,0.0,0.55,0
1.0539014450691602,0.0008399830419242281,0.701,0
1.096478196143185,0.0011052408446371423,0.853,0
1.1137815001346654,0.0022629806293945486,0.948,0
1.144985534690189,0.0033848000867012476,1.041,0
