refl,refl_err,wave,flag
0.6321206820052683,0.015594948317830076,0.337,0
0.7105587633694737,0.009909405206209178,0.359,0
0.8661637419723038,0.003592032745070712,0.437,0
1.0,0.0,0.55,0
1.1168632477805611,0.0029841502805202837,0.701,0
1.0854254493068263,0.002459160879317641,0.853,0
1.0824304476091304,0.0021386410343728697,0.948,0
1.0824304476091304,0.0027723124519648317,1.041,0
