refl,refl_err,wave,flag
0.7726805850957023,0.00644723826038333,0.337,0
0.8464474480977,0.002500607410991534,0.359,0
0.9790390174480513,0.00021183782855545226,0.437,0
1.0,0.0,0.55,0
1.001843765724026,1.1052408446371423e-05,0.701,0
0.9890084450210656,0.00011052408446371422,0.853,0
0.976337566582642,0.0002634157346385189,0.948,0
0.978137704322986,0.000287362619605657,1.041,0
