refl,refl_err,wave,flag
0.9120108393559098,0.00248679190043357,0.359,0
0.9745407417663065,0.000567356966913733,0.437,0
1.0,0.0,0.55,0
1.0046157902783952,0.0001289447652076666,0.701,0
0.9844643639803784,0.0007202486170885377,0.853,1
