refl,refl_err,wave,flag
1.026124365193342,0.001212080792952066,0.337,0
0.9835580562269576,0.0004642011547475997,0.359,0
1.012977968760102,0.00032236191301916647,0.437,0
1.0,0.0,0.55,0
1.11275614173052,0.003312038397762636,0.701,0
1.1481536214968828,0.007184065490141424,0.853,1
1.2178673848912593,0.006110139802769,0.948,0
1.1673470764921927,0.007427218475961596,1.041,0
