refl,refl_err,wave,flag
0.7197803728026994,0.008877847084547844,0.359,0
0.8441118555927687,0.003050464731198512,0.437,0
1.0,0.0,0.55,0
1.1598451211901668,0.0011862918399105327,0.701,0
1.1428783347897717,0.0014690492893302013,0.853,0
