refl,refl_err,wave,flag
0.8256576326213266,0.007663003189484186,0.337,0
0.8798324994418665,0.0029445458169207865,0.359,0
0.9682778562612492,0.0005157790608306664,0.437,0
1.0,0.0,0.55,0
1.0519618738232228,0.0012157649291008564,0.701,0
1.05584459243008,0.0016302302458397846,0.853,0
1.0251797048255573,0.0006963017321213996,0.948,0
1.002766922996587,9.670857390574995e-05,1.041,0
