refl,refl_err,wave,flag
0.8994975815300351,0.002436135028387701,0.337,0
0.9187556016660626,0.0012710269713327135,0.359,0
0.9479818010107188,0.0007478796382044663,0.437,0
1.0,0.0,0.55,0
1.1492115972032408,0.0023642943734862865,0.701,0
1.304968414130223,0.005323576735002234,0.853,0
1.3727770182085488,0.006336714175919615,0.948,0
1.3464802883878475,0.008627325826430093,1.041,0
