refl,refl_err,wave,flag
0.680455924994638,0.0065448678683262766,0.337,0
0.7634841051830965,0.003778081620584631,0.359,0
0.9145343031204602,0.001072083619298028,0.437,0
1.0,0.0,0.55,0
1.0934526967309202,0.001161423920906197,0.701,0
1.1096857267741242,0.001873383231659956,0.853,0
1.0904355455436594,0.001212080792952066,0.948,0
1.05584459243008,0.0009237971393092113,1.041,0
