refl,refl_err,wave,flag
0.8928941960649825,0.004531487463012283,0.337,0
0.9229963848404539,0.002724418682030555,0.359,0
0.9281111710201684,0.0028349427664942695,0.437,0
1.0,0.0,0.55,0
1.1609138701261823,0.005073055476884482,0.701,0
1.3001695780332903,0.008924819820444923,0.853,0
1.399587322572618,0.009749145283736792,0.948,0
1.4295521400370352,0.017153337908768447,1.041,0
