refl,refl_err,wave,flag
0.9120108393559098,0.002670998707873094,0.337,0
0.9111712330429192,0.0016744398796252704,0.359,0
0.9462371613657931,0.0008841926757097138,0.437,0
1.0,0.0,0.55,0
1.1555799554021289,0.0026028421891204695,0.701,0
1.2811500562783975,0.005450679432135506,0.853,0
1.4138391390945648,0.006926175959726091,0.948,0
1.503834347961358,0.011016488118920713,1.041,0
