refl,refl_err,wave,flag
0.8076068613289757,0.00598303710563573,0.337,0
0.8757900363063683,0.00225469132305977,0.359,0
0.9754387404402998,0.0002984150280520284,0.437,0
1.0,0.0,0.55,0
1.011113711954907,0.0001436813098028285,0.701,0
1.038484455008274,0.000528673537351433,0.853,0
1.0626738654024648,0.0010941884361907706,0.948,0
1.0636530750764384,0.0016661505732904918,1.041,0
