refl,refl_err,wave,flag
0.7606765007662273,0.005744489290001546,0.337,0
0.8120822162499834,0.0031223053860999265,0.359,0
0.9061498022319975,0.0013797089877220325,0.437,0
1.0,0.0,0.55,0
1.0995120668793499,0.0016127305991330298,0.701,0
1.2055910077295346,0.002430608824164515,0.853,0
1.2100407608569543,0.003431772822598326,0.948,0
1.2000518202042654,0.0045591184841282115,1.041,0
