refl,refl_err,wave,flag
0.8896107044092292,0.0035091396817229265,0.359,0
0.9272567425805943,0.0017370701941547084,0.437,0
1.0,0.0,0.55,0
1.189049678985098,0.004502014373821959,0.701,0
1.3489628825916535,0.009279417924766007,0.853,0
