refl,refl_err,wave,flag
0.5904729404069867,0.008956134977709642,0.337,0
0.6835967668381047,0.007227354089889711,0.359,0
0.8558546212208239,0.002334821284295963,0.437,0
1.0,0.0,0.55,0
1.1609138701261823,0.003282565308572312,0.701,0
1.1313578641195632,0.00419623107347235,0.853,0
1.089431679659133,0.0033405904529157622,0.948,0
1.05584459243008,0.002336663352370358,1.041,0
