refl,refl_err,wave,flag
0.8847080928705308,0.0025724480658929484,0.337,0
0.9103323996799096,0.0018789094358831417,0.359,0
0.9602846792093812,0.0008915609480072946,0.437,0
1.0,0.0,0.55,0
1.0597416418830976,0.0020889051963641986,0.701,1
1.1209855128753143,0.003540454838987645,0.853,0
1.1673470764921927,0.006344082448217196,0.948,0
1.225744632049806,0.015062590644329852,1.041,1
