refl,refl_err,wave,flag
0.5520774392807574,0.022574544251713628,0.337,0
0.6492321231432132,0.010799124086142076,0.359,0
0.8180879579457472,0.004216493822290697,0.437,0
1.0,0.0,0.55,0
1.202264434617413,0.003868342956229998,0.701,0
1.1727353057793783,0.004461488876185264,0.853,0
1.1271974561755105,0.00299336062089226,0.948,0
1.1879550279416518,0.004650300853810775,1.041,0
