refl,refl_err,wave,flag
0.5937450473021954,0.018766989541938672,0.337,0
0.6576578373554205,0.011314903146972742,0.359,0
0.8287050779069827,0.002442582266648084,0.437,0
1.0,0.0,0.55,0
1.132400363235557,0.0023624523054118912,0.701,0
1.1978432778258552,0.005054634796140531,0.853,0
1.1513304741558172,0.002959282361515948,0.948,0
1.2382262309589933,0.0085471958651939,1.041,0
