refl,refl_err,wave,flag
0.85743261663618,0.005229631263208078,0.337,0
0.9462371613657931,0.0011605028868689991,0.359,0
0.9981596274917243,3.49992934135095e-05,0.437,0
1.0,0.0,0.55,0
1.0204694319421992,0.00038499222754860443,0.701,0
0.9673864499689512,0.0008289306334778566,0.853,0
0.9736435697988863,0.0005609097286533496,0.948,0
0.9594006315159331,0.0011605028868689994,1.041,0
