refl,refl_err,wave,flag
0.8325302067492425,0.008064574029702348,0.337,0
0.8970156084148146,0.0020649583113970605,0.359,0
0.953235043920515,0.0009578753986855232,0.437,0
1.0,0.0,0.55,0
1.0934526967309202,0.00178680603216338,0.701,0
1.119953522384888,0.001699307798629606,0.853,0
1.1025543321022233,0.0017573329429730559,0.948,0
1.1673470764921927,0.002939940646734798,1.041,0
