refl,refl_err,wave,flag
0.6321206820052683,0.010549523862061521,0.337,0
0.7105587633694737,0.003417036278003165,0.359,0
0.849571627156121,0.0017932532704237629,0.437,0
1.0,0.0,0.55,0
1.204481128573176,0.0020465376306531085,0.701,0
1.1534532578210923,0.0015703630334219394,0.853,0
1.1684227381673322,0.002023511779723168,0.948,0
1.247383514242943,0.0015473371824919991,1.041,0
