refl,refl_err,wave,flag
0.37531852423791395,0.031359366898504513,0.337,0
0.4751163763775615,0.011907128032890813,0.359,0
0.6988757961347102,0.005015951366578231,0.437,0
1.0,0.0,0.55,0
1.3121998990192032,0.0043472806555727595,0.701,0
1.1651987230250005,0.003210724653670898,0.853,0
1.0529312128434394,0.001134713933827466,0.948,0
0.9264031007363992,0.00229337475262207,1.041,0
