refl,refl_err,wave,flag
0.6245971525332754,0.008942319467151677,0.337,0
0.6892868607318446,0.005953564016445406,0.359,0
0.85743261663618,0.0018457522105440275,0.437,0
1.0,0.0,0.55,0
1.2111557629827332,0.00249047603658236,0.701,0
1.138675561950211,0.0022077185871626913,0.853,0
1.1555799554021289,0.0020244328137603656,0.948,0
1.2485329261594946,0.004439384059292521,1.041,0
