refl,refl_err,wave,flag
0.5152286445817565,0.02917835829842055,0.337,0
0.6510284984348612,0.010730046533352256,0.359,0
0.8527073373436287,0.002708761103398196,0.437,0
1.0,0.0,0.55,0
1.1598451211901668,0.0037071619997204146,0.701,0
1.0204694319421992,0.0006484079621871234,0.853,0
0.9620552191862147,0.0011605028868689994,0.948,0
0.9061498022319975,0.005124633382967549,1.041,1
