refl,refl_err,wave,flag
0.5696393733411838,0.014631546714921366,0.337,0
0.6504291550788012,0.011183195279653484,0.359,0
0.8394599865193975,0.003149936407215855,0.437,0
1.0,0.0,0.55,0
1.1220184543019633,0.0020723265836946414,0.701,0
1.096478196143185,0.0023025850929940463,0.853,0
1.076465213629835,0.002284164412250094,0.948,0
1.152391377199487,0.004538855735309864,1.041,0
