refl,refl_err,wave,flag
0.8896107044092292,0.002105483809033756,0.337,0
0.9488553267278013,0.0009449809221647566,0.359,0
0.9844643639803784,0.0002035485222206737,0.437,0
1.0,0.0,0.55,0
1.0715193052376064,0.0014506286085862491,0.701,0
1.0995120668793499,0.003604927221591478,0.853,0
1.1344882442111652,0.004668721534554728,0.948,0
1.070532853833362,0.0032033563813733167,1.041,0
