refl,refl_err,wave,flag
0.5243243172456376,0.014204186921661671,0.337,0
0.6194410750767814,0.007663003189484186,0.359,0
0.8113346052282633,0.00355427034954561,0.437,0
1.0,0.0,0.55,0
1.1748975549395295,0.0033848000867012476,0.701,0
1.1460405911366027,0.002862573787610198,0.853,0
1.1117317272815912,0.0025420539426654273,0.948,0
1.1148078033638422,0.0026083683933436556,1.041,0
