refl,refl_err,wave,flag
0.6373823014383467,0.009007712883792708,0.337,0
0.7118688672622805,0.006117508075066581,0.359,0
0.8511380382023764,0.0022565333911341652,0.437,0
1.0,0.0,0.55,0
1.1492115972032408,0.0020861420942526058,0.701,0
1.119953522384888,0.001699307798629606,0.853,0
1.1076434916697433,0.0018402260063208416,0.948,0
1.1727353057793783,0.00239008332652782,1.041,0
