refl,refl_err,wave,flag
0.6385574850788396,0.010765045826765764,0.337,0
0.7021016602403145,0.006719864335393824,0.359,0
0.8503544719998017,0.002917835829842055,0.437,0
1.0,0.0,0.55,0
1.173815932483221,0.004166757984282026,0.701,0
1.1545161169214304,0.003592032745070712,0.853,0
1.1251229929657667,0.0030652012757936744,0.948,0
1.150270547790115,0.00419991520962114,1.041,0
