refl,refl_err,wave,flag
0.5759701812546714,0.018757779201566696,0.337,0
0.6516283940608426,0.01670295226457881,0.359,0
0.8394599865193975,0.005074897544958878,0.437,0
1.0,0.0,0.55,0
1.2336728297663253,0.0029399406467347984,0.701,0
1.1879550279416518,0.0032724339341631383,0.853,0
1.169499391019871,0.0029749399401483075,0.948,0
1.247383514242943,0.0037578188717662833,1.041,0
