refl,refl_err,wave,flag
0.7884969177453773,0.011406085516655309,0.337,0
0.8741782564005283,0.004840954899510682,0.359,0
0.9629417129715558,0.001170634261278173,0.437,0
1.0,0.0,0.55,0
1.001843765724026,6.631445067822853e-05,0.701,1
1.0204694319421992,0.0008105099527339042,0.853,1
0.9935735005868445,0.00022565333911341655,0.948,0
1.0120454110965418,0.0003951236019577783,1.041,0
