refl,refl_err,wave,flag
0.7502396279074637,0.004310439294084855,0.337,0
0.8180879579457472,0.0030117813016362124,0.359,0
0.9682778562612492,0.0005802514434344997,0.437,0
1.0,0.0,0.55,0
0.9673864499689512,0.0005968300561040566,0.701,0
1.0195299775626026,0.0004448594399664497,0.853,0
1.036573256767005,0.0004310439294084855,0.948,0
1.0120454110965418,0.0003352563895399331,1.041,0
