refl,refl_err,wave,flag
0.5262595620803181,0.01155529303068132,0.337,0
0.628058358813318,0.005581466265417568,0.359,0
0.8120822162499834,0.0022896906164732796,0.437,0
1.0,0.0,0.55,0
1.169499391019871,0.0018789094358831419,0.701,0
1.1727353057793783,0.002549422214963008,0.853,0
1.152391377199487,0.0009928746920990327,0.948,0
1.1407750129221206,0.0022390337444274104,1.041,0
