refl,refl_err,wave,flag
0.8566432555816557,0.004023076674479198,0.337,0
0.8806432284180641,0.002160745851265613,0.359,0
0.9444957325077066,0.0009136657649000375,0.437,0
1.0,0.0,0.55,0
1.1056050150387036,0.0019074614910362677,0.701,0
1.1630543233284674,0.003020991642008189,0.853,0
1.1967405313072434,0.0041308376568313186,0.948,0
1.2011576179375787,0.005132001655265131,1.041,0
