refl,refl_err,wave,flag
0.8150795556116014,0.0053162084627046535,0.337,0
0.8806432284180641,0.003940183611131412,0.359,0
1.007395484811251,0.00022841644122500939,0.437,0
1.0,0.0,0.55,0
0.976337566582642,0.00040709704444134734,0.701,0
0.989919775080584,0.00017223336495595463,0.853,0
0.9772372209558107,0.00048354286952874973,0.948,0
1.0884287379435942,0.002287848548398884,1.041,0
