refl,refl_err,wave,flag
0.7592765726465257,0.009087842845028902,0.337,0
0.7965260797837785,0.005004898958131858,0.359,0
0.9306791831626534,0.001149450478422628,0.437,0
1.0,0.0,0.55,0
1.0270698960262818,0.0005074897544958877,0.701,0
1.0375284158180127,0.0011789235676129518,0.853,0
1.0432778814599657,0.001143924274199442,0.948,0
1.066596121230258,0.0027078400693609987,1.041,0
