refl,refl_err,wave,flag
0.954992586021436,0.0005065687204586902,0.337,0
1.007395484811251,9.578753986855232e-05,0.359,0
1.0375284158180127,0.00029473089190323794,0.437,0
1.0,0.0,0.55,0
1.0185913880541169,0.00020262748818347605,0.701,0
1.003690930920097,4.789376993427616e-05,0.853,0
0.9890084450210656,0.0001547337182491999,0.948,0
0.9826525828295318,0.0002449950538945665,1.041,0
