refl,refl_err,wave,flag
0.5450043893417615,0.01760188148488369,0.337,0
0.6582638416409018,0.003763345075989469,0.359,0
0.8241381150130023,0.0019341714781149987,0.437,0
1.0,0.0,0.55,0
1.169499391019871,0.0017223336495595465,0.701,0
1.1781484060029257,0.0022952168206964653,0.853,0
1.1641260294104914,0.0019756180097888917,0.948,0
1.1651987230250005,0.0016818081519228514,1.041,0
