refl,refl_err,wave,flag
0.8677607449911464,0.002978624076297098,0.337,0
0.9238468875379451,0.0015049696167809083,0.359,0
0.9963226419544177,5.894617838064759e-05,0.437,0
1.0,0.0,0.55,0
1.0195299775626026,0.00029012572171724984,0.701,0
1.0242359141215684,0.0004549908143756235,0.853,0
0.995405417351527,6.44723826038333e-05,0.948,0
1.0120454110965418,0.00020354852222067367,1.041,0
