refl,refl_err,wave,flag
0.9221466651242641,0.0019452238865613702,0.337,0
0.9576349769692688,0.0006926175959726091,0.359,0
0.9754387404402998,0.00037301878506503547,0.437,0
1.0,0.0,0.55,0
1.060718149635315,0.0008252464973290662,0.701,0
1.0874267195462437,0.001173397363389766,0.853,0
1.0884287379435942,0.0013557621027548944,0.948,0
1.070532853833362,0.001431286893805099,1.041,0
