refl,refl_err,wave,flag
0.6754605666335011,0.010986093995693193,0.359,0
0.8218640803889053,0.0037274247485387614,0.437,0
1.0,0.0,0.55,0
1.152391377199487,0.0009928746920990327,0.701,0
1.1376272858234309,0.0014183924172843326,0.853,0
