refl,refl_err,wave,flag
0.7099046158552872,0.04317070739152677,0.337,1
0.628058358813318,0.008372199398126352,0.359,0
0.7762471166286917,0.0037992654034401763,0.437,0
1.0,0.0,0.55,0
1.1137815001346654,0.001724175717633942,0.701,0
0.9069847815057925,0.0019525921588589511,0.853,0
0.7351906920715665,0.01476601768435222,0.948,1
0.6047835918818004,0.05179711218391967,1.041,1
