refl,refl_err,wave,flag
0.8379150674384096,0.004067286308264683,0.337,0
0.917064749114932,0.001298657992448642,0.359,0
1.0046157902783952,7.368272297580949e-05,0.437,0
1.0,0.0,0.55,0
0.9926588068710308,9.578753986855232e-05,0.701,0
0.9835580562269576,0.00024867919004335694,0.853,0
0.9691700839472911,0.0005636728307649425,0.948,0
0.953235043920515,0.0008620878588169708,1.041,0
