refl,refl_err,wave,flag
0.5834451042737447,0.012931317882254562,0.337,0
0.648037294192291,0.008242333598881487,0.359,0
0.8173348179780711,0.00383242262877929,0.437,0
1.0,0.0,0.55,0
1.1684227381673322,0.0038913688071599384,0.701,0
1.1978432778258552,0.003971498768396131,0.853,0
1.2291361730601678,0.004332544110977598,0.948,0
1.2787922629358468,0.00590198611036234,1.041,0
