refl,refl_err,wave,flag
0.6504291550788012,0.017204915814851514,0.337,0
0.72845042329233,0.016475456857390998,0.359,0
0.8814547044472215,0.006561446480995835,0.437,1
1.0,0.0,0.55,0
1.177063790780569,0.00423859863918344,0.701,0
1.2566085200763315,0.004796745265725197,0.853,0
1.1609138701261823,0.004177810392728398,0.948,0
1.220112847031931,0.006565130617144624,1.041,0
