refl,refl_err,wave,flag
0.6643546819760057,0.008178782250314853,0.337,0
0.737904230129101,0.005470942180953854,0.359,0
0.8741782564005283,0.0018825935720319321,0.437,0
1.0,0.0,0.55,0
1.1397248040197487,0.0017002288326668036,0.701,0
1.0794437099844534,0.0010702415512236327,0.853,0
1.0844261957670742,0.001134713933827466,0.948,0
1.144985534690189,0.001489312038148549,1.041,0
