refl,refl_err,wave,flag
0.8150795556116014,0.008996660475346337,0.337,0
0.848789503007244,0.005738042051741163,0.359,0
0.9602846792093812,0.0014183924172843324,0.437,0
1.0,0.0,0.55,0
1.0636530750764384,0.001974696975751694,0.701,0
1.049059207776445,0.001819963257502494,0.853,0
1.0784499632938318,0.0026433676867571652,0.948,0
1.0904355455436594,0.0032899335808698926,1.041,0
