refl,refl_err,wave,flag
0.4988844874600122,0.01043071047126303,0.337,0
0.5872188659713032,0.00798536510250335,0.359,0
0.7769623959921387,0.0032807232404979173,0.437,0
1.0,0.0,0.55,0
1.2000518202042654,0.003100200569207184,0.701,0
1.1555799554021289,0.0036150585960006525,0.853,0
1.1148078033638422,0.002934414442511612,0.948,0
0.9935735005868445,0.00017407543303034988,1.041,0
