refl,refl_err,wave,flag
0.7027486176561344,0.040566944168369104,0.337,1
0.6880183161430381,0.01308789366857816,0.359,0
0.8256576326213266,0.005747252392113139,0.437,0
1.0,0.0,0.55,0
1.1598451211901668,0.005338313279597396,0.701,1
1.070532853833362,0.0029307303063628217,0.853,1
1.1076434916697433,0.0047027997939310395,0.948,1
1.126159746907866,0.00807931057429751,1.041,1
