refl,refl_err,wave,flag
1.0064680664383256,0.0002385478156341832,0.337,0
0.9727472237769651,0.0005249894012026424,0.359,0
1.0083237577615514,0.00014091820769123562,0.437,0
1.0,0.0,0.55,0
1.08043837237123,0.001856804618990399,0.701,0
1.026124365193342,0.0008768244034121328,0.853,0
1.1035702899640147,0.0024637660495036295,0.948,0
1.1035702899640147,0.003744924395245516,1.041,0
