refl,refl_err,wave,flag
0.8332973486343167,0.006565130617144624,0.337,0
0.8945404837788689,0.0021174572515173244,0.359,0
1.0299117193406992,0.0005010425162355045,0.437,0
1.0,0.0,0.55,0
0.9880979539411272,0.00020354852222067367,0.701,0
0.9844643639803784,0.0003914394658089879,0.853,0
0.9392906516183992,0.0016283881777653896,0.948,0
0.9479818010107188,0.0014423393022514705,1.041,0
