refl,refl_err,wave,flag
0.654033509448895,0.007218143749517736,0.337,0
0.7231027280500617,0.005187263697496987,0.359,0
0.8645696780339127,0.001600757156649461,0.437,0
1.0,0.0,0.55,0
1.1598451211901668,0.0022242971998322485,0.701,0
1.1168632477805611,0.002542053942665427,0.853,0
1.126159746907866,0.002851521379163827,0.948,0
1.1137815001346654,0.0025862635764509127,1.041,0
