refl,refl_err,wave,flag
0.6594775259494848,0.010407684620333089,0.337,0
0.7543970821979901,0.0053548918922669535,0.359,0
0.8645696780339127,0.0027649441796672503,0.437,0
1.0,0.0,0.55,0
1.1641260294104914,0.002735471090476927,0.701,0
1.1470966197735561,0.004254256217815799,0.853,0
1.169499391019871,0.0037578188717662837,0.948,0
1.2011576179375787,0.005865144748874435,1.041,0
