refl,refl_err,wave,flag
0.8904304435937418,0.0027852069284855984,0.337,0
0.9602846792093812,0.0006889334598238185,0.359,0
1.066596121230258,0.0012249752694728326,0.437,0
1.0,0.0,0.55,0
0.9567533686182412,0.0011052408446371423,0.701,0
0.995405417351527,0.00010131374409173802,0.853,0
0.9745407417663065,0.0007736685912459996,0.948,0
0.9629417129715558,0.001246159052328378,1.041,0
