refl,refl_err,wave,flag
0.6486344335482384,0.01255369392700354,0.337,0
0.7085981269167692,0.00482253421876673,0.359,0
0.8464474480977,0.003500850375388148,0.437,0
1.0,0.0,0.55,0
1.1641260294104914,0.003191382938889748,0.701,0
1.1641260294104914,0.003191382938889748,0.853,0
1.1439314495393067,0.003361774235771307,0.948,0
1.2799706167051803,0.0076519507810378145,1.041,0
