refl,refl_err,wave,flag
0.7291216599950673,0.0060023788204168795,0.337,0
0.8233794052101345,0.00233205818218437,0.359,0
0.9349750030886004,0.0009412967860159661,0.437,0
1.0,0.0,0.55,0
1.0092528860766845,0.00013815510557964276,0.701,0
1.0548725713234373,0.001175239431464161,0.853,0
1.0471285480508996,0.0008749823353377375,0.948,0
1.0626738654024648,0.00237074161174667,1.041,0
