refl,refl_err,wave,flag
0.8677607449911464,0.003687820284939264,0.337,0
0.9028175649662569,0.001942460784449777,0.359,0
0.9944890371547921,7.184065490141424e-05,0.437,0
1.0,0.0,0.55,0
1.1045871839886297,0.0012931317882254564,0.701,0
1.1313578641195632,0.0017278598537827324,0.853,0
1.1230523475410834,0.001972854907677299,0.948,0
1.1365799747501522,0.0028165220857503176,1.041,0
