refl,refl_err,wave,flag
0.8113346052282633,0.007526690151978938,0.337,0
0.8871560120379609,0.002753891771220879,0.359,0
0.9736435697988863,0.0005074897544958877,0.437,0
1.0,0.0,0.55,0
1.0176536626205333,0.00034999293413509505,0.701,0
1.038484455008274,0.0007552479105020473,0.853,0
1.0529312128434394,0.0007736685912459996,0.948,0
1.007395484811251,0.0002652578027129141,1.041,0
