refl,refl_err,wave,flag
0.8806432284180641,0.003940183611131412,0.337,0
0.929822390585381,0.0013824720898336252,0.359,0
1.0009214583192958,1.3815510557964278e-05,0.437,0
1.0,0.0,0.55,0
1.0251797048255573,0.0003481508660606998,0.701,0
1.040399177051352,0.0007128803447909566,0.853,0
1.040399177051352,0.0007128803447909566,0.948,0
1.0356189770449862,0.0008049837485107185,1.041,0
