refl,refl_err,wave,flag
0.6251726927756858,0.011273456615298851,0.337,0
0.6631320218835527,0.006983280070032343,0.359,0
0.8120822162499834,0.0024978443088799415,0.437,0
1.0,0.0,0.55,0
1.1846771175814852,0.002372583679821065,0.701,0
1.1835864919618606,0.003033886118528955,0.853,0
1.1630543233284674,0.002416793313606551,0.948,0
1.2359474334445104,0.0038130809139981406,1.041,0
