refl,refl_err,wave,flag
0.915377008362352,0.005039898251545368,0.337,0
0.8677607449911464,0.002978624076297098,0.359,0
0.8822669282177169,0.002129430694000894,0.437,0
1.0,0.0,0.55,0
1.1598451211901668,0.0032623025597539644,0.701,0
1.2953883889748883,0.0069878852402183314,0.853,0
1.4668982822062864,0.009578753986855232,0.948,0
1.4723125024327188,0.012378697459935993,1.041,0
