refl,refl_err,wave,flag
0.632703154866501,0.01144384791218041,0.337,0
0.6854882264526616,0.0064196072392674,0.359,0
0.8325302067492425,0.002199429280827913,0.437,0
1.0,0.0,0.55,0
1.1803206356517297,0.001989433520346856,0.701,0
1.1577105741152707,0.002489555002545163,0.853,0
1.1759801740658489,0.002269427867654932,0.948,0
1.2508349283740654,0.003133357794546298,1.041,0
