refl,refl_err,wave,flag
0.915377008362352,0.0013262890135645705,0.337,0
0.9558725718846913,0.0007220906851629329,0.359,0
1.0157808007969003,0.0001878909435883142,0.437,0
1.0,0.0,0.55,0
1.0251797048255573,0.0001989433520346856,0.701,0
1.038484455008274,0.0002643367686757165,0.853,0
1.049059207776445,0.0005268314692770378,0.948,0
1.076465213629835,0.0005894617838064759,1.041,0
