refl,refl_err,wave,flag
0.6228737089440288,0.014675756348706853,0.337,0
0.6950243175887968,0.007276168893861187,0.359,0
0.85743261663618,0.0023071902631800344,0.437,0
1.0,0.0,0.55,0
1.1609138701261823,0.0026857352524682554,0.701,0
1.2055910077295346,0.004300307919675681,0.853,0
1.1716556739113027,0.003485192796755788,0.948,0
1.138675561950211,0.0023375843864075554,1.041,0
