refl,refl_err,wave,flag
0.6171631684555837,0.010135058545322593,0.337,0
0.6767059576741911,0.007419850203664013,0.359,0
0.842558375339826,0.0025696849637813555,0.437,0
1.0,0.0,0.55,0
1.2055910077295346,0.0031784884623689814,0.701,0
1.2067019095932752,0.003945709815354598,0.853,0
1.182496870383105,0.003687820284939264,0.948,0
1.2554516736871386,0.004777403550944047,1.041,0
