refl,refl_err,wave,flag
0.9366988779521161,0.002550343249000205,0.337,0
0.9727472237769651,0.0011328718657530705,0.359,0
1.0120454110965418,0.0003831501594742093,0.437,0
1.0,0.0,0.55,0
1.030860740062626,0.0006078824645504282,0.701,0
1.0784499632938318,0.001586020612054299,0.853,0
1.0685626745999612,0.0015915468162774847,0.948,0
1.081433951297938,0.001800621542721344,1.041,0
