refl,refl_err,wave,flag
1.0636530750764384,0.0022215340977206556,0.337,0
0.9558725718846913,0.0009477440242763494,0.359,0
0.9981596274917243,3.49992934135095e-05,0.437,0
1.0,0.0,0.55,0
1.065614202158519,0.0010168215770661709,0.701,0
1.0854254493068263,0.0014754965275905847,0.853,0
1.1334438229710342,0.002129430694000894,0.948,0
1.0375284158180127,0.0009210340371976185,1.041,0
