refl,refl_err,wave,flag
0.6498303634842376,0.015517581458705475,0.337,0
0.7066429004252076,0.010416894960705065,0.359,0
0.8511380382023764,0.0038683429562299974,0.437,0
1.0,0.0,0.55,0
1.1956387999881215,0.005539098699706478,0.701,0
1.1178923907117444,0.005015030332541031,0.853,1
1.1662724050819648,0.006767758105328101,0.948,0
1.126159746907866,0.006059482930723132,1.041,0
