refl,refl_err,wave,flag
0.8613903457724282,0.0023873202244162274,0.337,0
0.9145343031204602,0.001161423920906197,0.359,0
1.0176536626205333,0.00017499646706754752,0.437,0
1.0,0.0,0.55,0
1.0046157902783952,5.98672124178452e-05,0.701,0
1.003690930920097,5.526204223185711e-05,0.853,0
0.9972407117415495,3.3157225339114265e-05,0.948,0
0.9926588068710308,0.00014736544595161897,1.041,0
