refl,refl_err,wave,flag
0.9366988779521161,0.0011116880828975254,0.337,0
0.995405417351527,5.526204223185711e-05,0.359,0
1.0452014414584359,0.0002652578027129141,0.437,0
1.0,0.0,0.55,0
0.9990793899844618,8.289306334778566e-06,0.701,0
0.9691700839472911,0.0003131515726471903,0.853,0
0.9488553267278013,0.0006824862215634353,0.948,0
0.915377008362352,0.0015915468162774847,1.041,0
