refl,refl_err,wave,flag
0.6516283940608426,0.005567650754859604,0.337,0
0.7171334826577211,0.005319892598853444,0.359,0
0.8798324994418665,0.0019203559675570346,0.437,0
1.0,0.0,0.55,0
1.1025543321022233,0.0013668145112012658,0.701,0
1.1967405313072434,0.0021552196470424273,0.853,0
1.2055910077295346,0.003365458371920098,0.948,0
1.1492115972032408,0.002642446652719967,1.041,0
