refl,refl_err,wave,flag
0.9061498022319975,0.003350721827324936,0.337,0
0.9196021966586174,0.0015086537529296988,0.359,0
1.0,0.0,0.437,0
1.0,0.0,0.55,0
1.0568175092136585,0.0008841926757097138,0.701,0
1.0214097519898493,0.0004448594399664497,0.853,0
1.0725066656157038,0.001539968910194418,0.948,0
0.989919775080584,0.00039512360195777827,1.041,0
