refl,refl_err,wave,flag
1.066596121230258,0.003223619130191665,0.337,0
1.0695473105661604,0.0008068258165851138,0.359,0
1.0754742089727887,0.0009459019562019542,0.437,0
1.0,0.0,0.55,0
1.0055415018560432,6.631445067822853e-05,0.701,0
0.9844643639803784,0.0003288091512795498,0.853,0
0.9754387404402998,0.0003481508660606998,0.948,0
0.9366988779521161,0.0016348354160257727,1.041,0
