refl,refl_err,wave,flag
0.8076068613289757,0.0036325582427074073,0.337,0
0.8830799004185628,0.0021137731153685344,0.359,0
0.9926588068710308,9.578753986855232e-05,0.437,0
1.0,0.0,0.55,0
0.9736435697988863,0.00037393981910223314,0.701,0
0.9709570065288244,0.000559988694616152,0.853,0
1.001843765724026,2.9473089190323794e-05,0.948,0
0.9853715068586185,0.000427359793259695,1.041,0
