refl,refl_err,wave,flag
0.9410224835267512,0.002674682844021884,0.337,0
0.9682778562612492,0.0011282666955670828,0.359,0
1.0092528860766845,0.00032236191301916647,0.437,0
1.0,0.0,0.55,0
1.0452014414584359,0.001679966083848456,0.701,1
1.1076434916697433,0.003680452012641683,0.853,0
1.1251229929657667,0.004715694270451807,0.948,0
1.2000518202042654,0.007841683792700524,1.041,0
