refl,refl_err,wave,flag
0.677329514008607,0.012467116727506963,0.337,0
0.7311390834834174,0.005636728307649425,0.359,0
0.8904304435937418,0.0027852069284855984,0.437,0
1.0,0.0,0.55,0
1.1158350522886678,0.0023016640589568487,0.701,0
1.1534532578210923,0.003140726066843879,0.853,0
1.1513304741558172,0.0038047916076633615,0.948,0
1.1168632477805611,0.003868342956229998,1.041,0
