refl,refl_err,wave,flag
0.7191177357825094,0.011870286671402906,0.337,0
0.8542795299048483,0.0031499364072158555,0.359,0
0.9647171518961677,0.0005028845843098997,0.437,0
1.0,0.0,0.55,0
0.9990793899844618,2.0262748818347607e-05,0.701,0
0.9926588068710308,0.0001694702628443618,0.853,0
1.0064680664383256,0.00017407543303034988,0.948,0
1.0055415018560432,0.0001602599224723856,1.041,0
