refl,refl_err,wave,flag
1.038484455008274,0.0007174855149769448,0.337,0
1.0568175092136585,0.0008841926757097138,0.359,0
1.040399177051352,0.00039604463599497594,0.437,0
1.0,0.0,0.55,0
1.0242359141215684,0.0001197344248356904,0.701,0
1.0646331870513122,0.00043841220170606646,0.853,0
1.0984998450583756,0.0017849639640889843,0.948,0
1.0854254493068263,0.002213244791385877,1.041,0
