refl,refl_err,wave,flag
0.7863212274584181,0.00456740779046299,0.337,0
0.831763771102671,0.003684136148790474,0.359,0
0.9754387404402998,0.00037301878506503547,0.437,0
1.0,0.0,0.55,0
1.0774571314563668,0.0011936601122081137,0.701,0
1.0539014450691602,0.0011024777425255494,0.853,0
1.065614202158519,0.0010168215770661709,0.948,0
1.0452014414584359,0.001282079379779085,1.041,0
