refl,refl_err,wave,flag
0.8256576326213266,0.005938827471850244,0.337,0
0.8782132798980062,0.0037661081781010615,0.359,0
0.9880979539411272,0.0003831501594742093,0.437,0
1.0,0.0,0.55,0
1.0009214583192958,1.749964670675475e-05,0.701,0
1.0064680664383256,0.00014828647998881657,0.853,0
1.0148456628180953,0.000574725239211314,0.948,0
1.0242359141215684,0.0011255035934554897,1.041,0
