refl,refl_err,wave,flag
0.9145343031204602,0.00178680603216338,0.337,0
0.9427575085274156,0.0007663003189484186,0.359,0
0.9709570065288244,0.00035367707028388553,0.437,0
1.0,0.0,0.55,0
1.066596121230258,0.0008381409738498328,0.701,0
1.0914403364487566,0.001049978802405285,0.853,0
1.1439314495393067,0.002151535510893637,0.948,0
1.182496870383105,0.0028496793110894315,1.041,0
