refl,refl_err,wave,flag
0.8855233145028547,0.001337341422010942,0.337,0
0.9576349769692688,0.0004328859974828807,0.359,0
1.0318106352675922,0.0003131515726471903,0.437,0
1.0,0.0,0.55,0
1.011113711954907,0.00011052408446371422,0.701,0
0.989919775080584,0.00013170786731925944,0.853,0
0.9871883010683962,0.00014183924172843324,0.948,0
0.9453660459579653,0.0009551122965739303,1.041,0
