refl,refl_err,wave,flag
0.3610771451003529,0.053989173192449995,0.337,0
0.4630202658603084,0.013859720191749761,0.359,0
0.6705018801628415,0.006395660354300263,0.437,0
1.0,0.0,0.55,0
1.3664696807404653,0.004371227540539898,0.701,0
1.2811500562783975,0.004459646808110868,0.853,0
1.189049678985098,0.002597315984897284,0.948,0
1.0874267195462437,0.0016762819476996657,1.041,0
