refl,refl_err,wave,flag
0.9471090794701604,0.0018475942786184225,0.337,0
0.9541134102819798,0.0010803729256328063,0.359,0
1.038484455008274,0.0009440598881275589,0.437,0
1.0,0.0,0.55,0
1.0083237577615514,0.00018236473936512844,0.701,0
0.9981596274917243,7.368272297580949e-05,0.853,1
0.9576349769692688,0.0014718123914417942,0.948,0
0.9656060985415498,0.0014349710299538894,1.041,0
