refl,refl_err,wave,flag
0.6625215359025826,0.006587235434037368,0.337,0
0.7304659895204111,0.004711089100265819,0.359,0
0.8605973411928222,0.0013511569325689063,0.437,0
1.0,0.0,0.55,0
1.1492115972032408,0.0016689136754020847,0.701,0
1.144985534690189,0.002572448065892948,0.853,0
1.138675561950211,0.0018181211894280989,0.948,0
1.132400363235557,0.0028598106854986053,1.041,0
