refl,refl_err,wave,flag
0.5460092497542735,0.012102387248776708,0.337,0
0.648037294192291,0.004771877346720861,0.359,0
0.8472274141405964,0.0016578612669557132,0.437,0
1.0,0.0,0.55,0
1.1781484060029257,0.0013115524689694088,0.701,0
1.247383514242943,0.0017683853514194276,0.853,0
1.2302687708123816,0.003315722533911427,0.948,0
1.1967405313072434,0.0034124311078171763,1.041,0
