refl,refl_err,wave,flag
0.8348337537236503,0.0028883627406517316,0.337,0
0.9011560443397045,0.001977460077863287,0.359,0
0.9418895965228413,0.0008381409738498328,0.437,0
1.0,0.0,0.55,0
1.0744841166445553,0.001796016372535356,0.701,0
1.0995120668793499,0.0033203277040974146,0.853,0
1.1439314495393067,0.0049754258689415345,0.948,0
1.049059207776445,0.0020115383372395984,1.041,0
