refl,refl_err,wave,flag
0.5291758304203468,0.017183732031995965,0.337,0
0.5992389025834781,0.00870561371959189,0.359,0
0.7935969681957695,0.0034676931500490335,0.437,0
1.0,0.0,0.55,0
1.2100407608569543,0.003431772822598326,0.701,0
1.3539418114050743,0.006363424162998346,0.853,0
1.3514500541175594,0.006625918863599667,0.948,0
1.3931568029453032,0.008952450841560851,1.041,0
