refl,refl_err,wave,flag
0.7719692476102512,0.0036233479023354315,0.337,0
0.8621840810727014,0.0019277242398546154,0.359,0
0.9727472237769651,0.0004697273589707854,0.437,0
1.0,0.0,0.55,0
1.0195299775626026,0.0003288091512795498,0.701,0
1.0715193052376064,0.0014506286085862491,0.853,0
1.057791322499501,0.0012360276779192038,0.948,0
1.0394413751488008,0.0005415680138721997,1.041,0
